t,act_lin,act_ang
1748561938.3957794,0.4505,0.0
1748561938.406619,0.451,0.0
1748561938.4158552,0.45149999999999996,0.0
1748561938.4269176,0.4519999999999999,0.0
1748561938.4353755,0.45249999999999985,0.0
1748561938.4461834,0.4529999999999998,0.0
1748561938.4562175,0.45349999999999974,0.0
1748561938.4661906,0.4539999999999997,0.0
1748561938.4759758,0.4544999999999996,0.0
1748561938.485996,0.45499999999999957,0.0
1748561938.4961052,0.4554999999999995,0.0
1748561938.5085611,0.45599999999999946,0.0
1748561938.5155888,0.41607357894337477,0.0
1748561938.5258865,0.416528710551525,0.0
1748561938.5362084,0.41698384215967527,0.0
1748561938.5460079,0.4174389737678255,0.0
1748561938.5559084,0.41789410537597577,0.0
1748561938.5657356,0.418349236984126,0.0
1748561938.575933,0.41880436859227627,0.0
1748561938.58697,0.4192595002004265,0.0
1748561938.5966933,0.41971463180857677,0.0
1748561938.6065726,0.420169763416727,0.0
1748561938.6162603,0.42062489502487727,0.0
1748561938.6259527,0.4210800266330275,0.0
1748561938.63618,0.42153515824117777,0.0
1748561938.6455112,0.421990289849328,0.0
1748561938.6561408,0.42244542145747827,0.0
1748561938.6664417,0.4229005530656285,0.0
1748561938.675825,0.42335568467377876,0.0
1748561938.6859887,0.423810816281929,0.0
1748561938.6958823,0.42426594789007926,0.0
1748561938.7077072,0.4247210794982295,0.0
1748561938.7161226,0.3869230710615738,0.0
1748561938.725934,0.387335746354469,0.0
1748561938.7365456,0.3877484216473642,0.0
1748561938.7458048,0.38816109694025946,0.0
1748561938.755795,0.3885737722331547,0.0
1748561938.7655535,0.38898644752604994,0.0
1748561938.7757335,0.3893991228189452,0.0
1748561938.7856796,0.3898117981118404,0.0
1748561938.796198,0.39022447340473565,0.0
1748561938.8065634,0.3906371486976309,0.0
1748561938.8167872,0.3910498239905261,0.0
1748561938.8269393,0.39146249928342136,0.0
1748561938.8371463,0.3918751745763166,0.0
1748561938.8460383,0.39228784986921184,0.0
1748561938.8555584,0.3927005251621071,0.0
1748561938.865705,0.3931132004550023,0.0
1748561938.8759096,0.39352587574789755,0.0
1748561938.8859494,0.3939385510407928,0.0
1748561938.8958173,0.394351226333688,0.0
1748561938.9087152,0.39476390162658326,0.0
1748561938.91576,0.3596535482966077,0.0
1748561938.925864,0.36002679736461624,0.0
1748561938.9357574,0.36040004643262485,0.0
1748561938.9457,0.3607732955006335,0.0
1748561938.9555988,0.3611465445686421,0.0
1748561938.9658456,0.3615197936366507,0.0
1748561938.9757075,0.36189304270465933,0.0
1748561938.9856951,0.36226629177266795,0.0
1748561938.9963346,0.36263954084067657,0.0
1748561939.0059817,0.3630127899086852,0.0
1748561939.0157506,0.3633860389766938,0.0
1748561939.0260904,0.3637592880447024,0.0
1748561939.0357597,0.36413253711271104,0.0
1748561939.0456913,0.36450578618071966,0.0
1748561939.055681,0.3648790352487283,0.0
1748561939.0656688,0.3652522843167369,0.0
1748561939.0757902,0.3656255333847455,0.0
1748561939.085872,0.36599878245275413,0.0
1748561939.0959363,0.36637203152076275,0.0
1748561939.1078684,0.36674528058877137,0.0
1748561939.1155667,0.334110274028339,0.0
1748561939.126347,0.33444688796246463,0.0
1748561939.1362126,0.3347835018965903,0.0
1748561939.1463993,0.33512011583071594,0.0
1748561939.1557763,0.3354567297648416,0.0
1748561939.1658545,0.33579334369896724,0.0
1748561939.1758127,0.3361299576330929,0.0
1748561939.1856816,0.33646657156721854,0.0
1748561939.1956263,0.3368031855013442,0.0
1748561939.2057233,0.33713979943546984,0.0
1748561939.2159374,0.3374764133695955,0.0
1748561939.2257292,0.33781302730372115,0.0
1748561939.2364583,0.3381496412378468,0.0
1748561939.2462635,0.33848625517197245,0.0
1748561939.2558491,0.3388228691060981,0.0
1748561939.2662501,0.33915948304022375,0.0
1748561939.2762492,0.3394960969743494,0.0
1748561939.2859364,0.33983271090847506,0.0
1748561939.2960384,0.3401693248426007,0.0
1748561939.308675,0.34050593877672636,0.0
1748561939.3155122,0.31019564274309336,0.0
1748561939.3260639,0.3104982423487309,0.0
1748561939.33629,0.3108008419543685,0.0
1748561939.3459811,0.31110344156000613,0.0
1748561939.3561296,0.31140604116564374,0.0
1748561939.3660147,0.31170864077128135,0.0
1748561939.3754847,0.31201124037691896,0.0
1748561939.386033,0.3123138399825566,0.0
1748561939.3958201,0.3126164395881942,0.0
1748561939.4059167,0.3129190391938318,0.0
1748561939.4160507,0.3132216387994694,0.0
1748561939.4260492,0.313524238405107,0.0
1748561939.435787,0.3138268380107446,0.0
1748561939.4458926,0.31412943761638223,0.0
1748561939.455735,0.31443203722201984,0.0
1748561939.465618,0.31473463682765745,0.0
1748561939.4758277,0.31503723643329506,0.0
1748561939.4863253,0.3153398360389327,0.0
1748561939.4958792,0.3156424356445703,0.0
1748561939.5089345,0.3159450352502079,0.0
1748561939.5157254,0.2878195826500153,0.0
1748561939.5259628,0.2880906305883879,0.0
1748561939.5356452,0.28836167852676053,0.0
1748561939.545562,0.28863272646513316,0.0
1748561939.555753,0.2889037744035058,0.0
1748561939.5658755,0.2891748223418784,0.0
1748561939.5756934,0.28944587028025104,0.0
1748561939.5858507,0.28971691821862366,0.0
1748561939.5957956,0.2899879661569963,0.0
1748561939.6056747,0.2902590140953689,0.0
1748561939.615626,0.29053006203374154,0.0
1748561939.6256268,0.29080110997211417,0.0
1748561939.6358194,0.2910721579104868,0.0
1748561939.6462166,0.2913432058488594,0.0
1748561939.6557868,0.29161425378723205,0.0
1748561939.6659136,0.2918853017256047,0.0
1748561939.675818,0.2921563496639773,0.0
1748561939.686143,0.2924273976023499,0.0
1748561939.6958501,0.29269844554072255,0.0
1748561939.7076273,0.2929694934790952,0.0
1748561939.7156644,0.2668504150009148,0.0
1748561939.72591,0.267092173120845,0.0
1748561939.7357748,0.2673339312407752,0.0
1748561939.745791,0.2675756893607054,0.0
1748561939.755689,0.26781744748063563,0.0
1748561939.7657688,0.26805920560056584,0.0
1748561939.775762,0.26830096372049606,0.0
1748561939.7856529,0.26854272184042627,0.0
1748561939.7958457,0.2687844799603565,0.0
1748561939.8060148,0.2690262380802867,0.0
1748561939.8160808,0.2692679962002169,0.0
1748561939.825628,0.2695097543201471,0.0
1748561939.8358757,0.26975151244007733,0.0
1748561939.8458881,0.26999327056000755,0.0
1748561939.855819,0.27023502867993776,0.0
1748561939.8659816,0.270476786799868,0.0
1748561939.875808,0.2707185449197982,0.0
1748561939.88573,0.2709603030397284,0.0
1748561939.8959095,0.2712020611596586,0.0
1748561939.9074519,0.2714438192795888,0.0
1748561939.915552,0.24727824779271823,0.0
1748561939.925641,0.24749291675659205,0.0
1748561939.9357686,0.24770758572046583,0.0
1748561939.9457808,0.24792225468433962,0.0
1748561939.9558625,0.2481369236482134,0.0
1748561939.9662051,0.2483515926120872,0.0
1748561939.9758832,0.24856626157596098,0.0
1748561939.9858305,0.24878093053983477,0.0
1748561939.995639,0.24899559950370856,0.0
1748561940.005694,0.24921026846758235,0.0
1748561940.0159144,0.24942493743145613,0.0
1748561940.025633,0.24963960639532992,0.0
1748561940.035619,0.2498542753592037,0.0
1748561940.0457354,0.25006894432307747,0.0
1748561940.0569835,0.25028361328695126,0.0
1748561940.065791,0.25049828225082504,0.0
1748561940.0755494,0.25071295121469883,0.0
1748561940.085915,0.2509276201785726,0.0
1748561940.0956423,0.2511422891424464,0.0
1748561940.1081014,0.2513569581063202,0.0
1748561940.115596,0.22895093564700278,0.0
1748561940.1256888,0.2291404984050795,0.0
1748561940.135942,0.22933006116315624,0.0
1748561940.1458774,0.22951962392123293,0.0
1748561940.155871,0.22970918667930962,0.0
1748561940.1652815,0.2298987494373863,0.0
1748561940.175794,0.230088312195463,0.0
1748561940.1856437,0.23027787495353969,0.0
1748561940.1955013,0.23046743771161637,0.0
1748561940.2056615,0.23065700046969306,0.0
1748561940.21627,0.23084656322776975,0.0
1748561940.2258575,0.23103612598584644,0.0
1748561940.2356548,0.23122568874392313,0.0
1748561940.2457025,0.23141525150199982,0.0
1748561940.2557864,0.2316048142600765,0.0
1748561940.2657785,0.2317943770181532,0.0
1748561940.2766385,0.23198393977622989,0.0
1748561940.2858977,0.23217350253430658,0.0
1748561940.2954786,0.23236306529238326,0.0
1748561940.3081136,0.23255262805045995,0.0
1748561940.3162231,0.21179619871673383,0.0
1748561940.325591,0.21196251398081298,0.0
1748561940.3358052,0.21212882924489215,0.0
1748561940.3455915,0.21229514450897133,0.0
1748561940.3559043,0.2124614597730505,0.0
1748561940.3658633,0.21262777503712968,0.0
1748561940.375755,0.21279409030120885,0.0
1748561940.385759,0.21296040556528803,0.0
1748561940.3972273,0.2131267208293672,0.0
1748561940.406178,0.21329303609344638,0.0
1748561940.4176693,0.21345935135752556,0.0
1748561940.4256375,0.21362566662160473,0.0
1748561940.4359665,0.2137919818856839,0.0
1748561940.4455924,0.21395829714976308,0.0
1748561940.4557283,0.21412461241384226,0.0
1748561940.4656994,0.21429092767792143,0.0
1748561940.4756339,0.2144572429420006,0.0
1748561940.4857008,0.21462355820607978,0.0
1748561940.495844,0.21478987347015896,0.0
1748561940.5074632,0.21495618873423813,0.0
1748561940.5159166,0.19575440451171464,0.0
1748561940.5259624,0.1958992235499485,0.0
1748561940.5359323,0.19604404258818237,0.0
1748561940.5458171,0.19618886162641624,0.0
1748561940.5557647,0.19633368066465012,0.0
1748561940.5658374,0.196478499702884,0.0
1748561940.5758631,0.19662331874111788,0.0
1748561940.5858152,0.19676813777935176,0.0
1748561940.5958695,0.19691295681758564,0.0
1748561940.6063204,0.19705777585581952,0.0
1748561940.615819,0.1972025948940534,0.0
1748561940.6257641,0.19734741393228727,0.0
1748561940.635772,0.19749223297052115,0.0
1748561940.646089,0.19763705200875503,0.0
1748561940.6562715,0.1977818710469889,0.0
1748561940.6657388,0.1979266900852228,0.0
1748561940.675911,0.19807150912345667,0.0
1748561940.6856499,0.19821632816169055,0.0
1748561940.6959908,0.19836114719992443,0.0
1748561940.7085814,0.1985059662381583,0.0
1748561940.7157724,0.1807837521218741,0.0
1748561940.7257757,0.18090874093463127,0.0
1748561940.7359917,0.18103372974738846,0.0
1748561940.7456186,0.18115871856014565,0.0
1748561940.7568338,0.18128370737290284,0.0
1748561940.7660391,0.18140869618566002,0.0
1748561940.7761157,0.1815336849984172,0.0
1748561940.7857587,0.1816586738111744,0.0
1748561940.7956967,0.18178366262393159,0.0
1748561940.8058481,0.18190865143668877,0.0
1748561940.8159046,0.18203364024944596,0.0
1748561940.82555,0.18215862906220315,0.0
1748561940.8358386,0.18228361787496034,0.0
1748561940.8457866,0.18240860668771752,0.0
1748561940.8558292,0.1825335955004747,0.0
1748561940.8658905,0.1826585843132319,0.0
1748561940.8757622,0.18278357312598909,0.0
1748561940.886116,0.18290856193874627,0.0
1748561940.8957345,0.18303355075150346,0.0
1748561940.909272,0.18315853956426065,0.0
1748561940.9164672,0.16679563259858055,0.0
1748561940.9258444,0.16690232185997428,0.0
1748561940.9362078,0.16700901112136807,0.0
1748561940.9459717,0.16711570038276186,0.0
1748561940.9557226,0.16722238964415564,0.0
1748561940.9657905,0.16732907890554943,0.0
1748561940.9756663,0.16743576816694322,0.0
1748561940.9859395,0.167542457428337,0.0
1748561940.9955077,0.1676491466897308,0.0
1748561941.0059564,0.1677558359511246,0.0
1748561941.0156593,0.16786252521251838,0.0
1748561941.026325,0.16796921447391217,0.0
1748561941.0357838,0.16807590373530595,0.0
1748561941.0456393,0.16818259299669974,0.0
1748561941.0560472,0.16828928225809353,0.0
1748561941.0656571,0.16839597151948732,0.0
1748561941.076137,0.1685026607808811,0.0
1748561941.0856035,0.1686093500422749,0.0
1748561941.0957103,0.16871603930366869,0.0
1748561941.1076803,0.16882272856506247,0.0
1748561941.11595,0.15373191000658593,0.0
1748561941.125862,0.1538217318897112,0.0
1748561941.1357758,0.1539115537728365,0.0
1748561941.1459386,0.15400137565596178,0.0
1748561941.1558871,0.15409119753908707,0.0
1748561941.1660807,0.15418101942221235,0.0
1748561941.1754916,0.15427084130533764,0.0
1748561941.18579,0.15436066318846292,0.0
1748561941.195732,0.1544504850715882,0.0
1748561941.2057576,0.1545403069547135,0.0
1748561941.2156413,0.15463012883783878,0.0
1748561941.225746,0.15471995072096406,0.0
1748561941.2355914,0.15480977260408935,0.0
1748561941.2463343,0.15489959448721463,0.0
1748561941.255594,0.15498941637033992,0.0
1748561941.2662594,0.1550792382534652,0.0
1748561941.2772348,0.1551690601365905,0.0
1748561941.2855432,0.15525888201971577,0.0
1748561941.2956662,0.15534870390284106,0.0
1748561941.3080428,0.15543852578596634,0.0
1748561941.3161259,0.14151940623466241,0.0
1748561941.325757,0.14159367990309912,0.0
1748561941.335795,0.14166795357153583,0.0
1748561941.3460503,0.14174222723997254,0.0
1748561941.3557053,0.14181650090840925,0.0
1748561941.3660653,0.14189077457684596,0.0
1748561941.37579,0.14196504824528267,0.0
1748561941.3858893,0.14203932191371937,0.0
1748561941.396023,0.14211359558215608,0.0
1748561941.4057047,0.1421878692505928,0.0
1748561941.4157753,0.1422621429190295,0.0
1748561941.425473,0.1423364165874662,0.0
1748561941.4360857,0.14241069025590292,0.0
1748561941.4460344,0.14248496392433962,0.0
1748561941.4559813,0.14255923759277633,0.0
1748561941.465823,0.14263351126121304,0.0
1748561941.4758594,0.14270778492964975,0.0
1748561941.4860897,0.14278205859808646,0.0
1748561941.495719,0.14285633226652317,0.0
1748561941.5093994,0.14293060593495988,0.0
1748561941.515545,0.13013351679386692,0.0
1748561941.5268345,0.13019350482100558,0.0
1748561941.5372305,0.13025349284814425,0.0
1748561941.547144,0.1303134808752829,0.0
1748561941.5554514,0.13037346890242157,0.0
1748561941.5656826,0.13043345692956024,0.0
1748561941.575553,0.1304934449566989,0.0
1748561941.5855887,0.13055343298383756,0.0
1748561941.5957587,0.13061342101097623,0.0
1748561941.6058712,0.1306734090381149,0.0
1748561941.6162546,0.13073339706525355,0.0
1748561941.6261272,0.13079338509239222,0.0
1748561941.6358576,0.13085337311953088,0.0
1748561941.6458313,0.13091336114666954,0.0
1748561941.6555793,0.1309733491738082,0.0
1748561941.6658142,0.13103333720094687,0.0
1748561941.6756048,0.13109332522808553,0.0
1748561941.6857064,0.1311533132552242,0.0
1748561941.6957858,0.13121330128236286,0.0
1748561941.7086887,0.13127328930950152,0.0
1748561941.715657,0.1195138327784902,0.0
1748561941.7263699,0.11956070266516478,0.0
1748561941.7360458,0.11960757255183935,0.0
1748561941.7460964,0.11965444243851392,0.0
1748561941.7555084,0.11970131232518849,0.0
1748561941.7656407,0.11974818221186306,0.0
1748561941.7758381,0.11979505209853764,0.0
1748561941.7860153,0.11984192198521221,0.0
1748561941.7958434,0.11988879187188678,0.0
1748561941.8057852,0.11993566175856135,0.0
1748561941.815781,0.11998253164523592,0.0
1748561941.8259263,0.1200294015319105,0.0
1748561941.8357878,0.12007627141858507,0.0
1748561941.8457606,0.12012314130525964,0.0
1748561941.8558276,0.12017001119193421,0.0
1748561941.86608,0.12021688107860878,0.0
1748561941.8759415,0.12026375096528336,0.0
1748561941.8858814,0.12031062085195793,0.0
1748561941.8958628,0.1203574907386325,0.0
1748561941.9082136,0.12040436062530707,0.0
1748561941.9157798,0.10960468356075198,0.0
1748561941.9258516,0.1096395151045284,0.0
1748561941.936112,0.10967434664830483,0.0
1748561941.9459944,0.10970917819208126,0.0
1748561941.9560583,0.10974400973585768,0.0
1748561941.965672,0.10977884127963411,0.0
1748561941.975705,0.10981367282341054,0.0
1748561941.9857278,0.10984850436718696,0.0
1748561941.9957979,0.10988333591096339,0.0
1748561942.0058148,0.10991816745473981,0.0
1748561942.015652,0.10995299899851624,0.0
1748561942.025668,0.10998783054229266,0.0
1748561942.036118,0.11002266208606909,0.0
1748561942.04624,0.11005749362984552,0.0
1748561942.0559962,0.11009232517362194,0.0
1748561942.06592,0.11012715671739837,0.0
1748561942.0763156,0.11016198826117479,0.0
1748561942.0860443,0.11019681980495122,0.0
1748561942.0959468,0.11023165134872764,0.0
1748561942.108186,0.11026648289250407,0.0
1748561942.117071,0.10037062434386529,0.0
1748561942.1259012,0.10039443403404302,0.0
1748561942.1356053,0.10041824372422076,0.0
1748561942.1455495,0.10044205341439849,0.0
1748561942.1557534,0.10046586310457623,0.0
1748561942.1657348,0.10048967279475396,0.0
1748561942.1758006,0.1005134824849317,0.0
1748561942.1856496,0.10053729217510943,0.0
1748561942.1956127,0.10056110186528716,0.0
1748561942.205642,0.1005849115554649,0.0
1748561942.2157621,0.10060872124564263,0.0
1748561942.2258618,0.10063253093582036,0.0
1748561942.2355967,0.1006563406259981,0.0
1748561942.245898,0.10068015031617583,0.0
1748561942.2556226,0.10070396000635357,0.0
1748561942.2657664,0.1007277696965313,0.0
1748561942.2764614,0.10075157938670903,0.0
1748561942.2858453,0.10077538907688677,0.0
1748561942.2958503,0.1007991987670645,0.0
1748561942.3079305,0.10082300845724224,0.0
1748561942.3155956,0.09176696104877671,0.0
1748561942.325586,0.09178069320610356,0.0
1748561942.335902,0.09179442536343041,0.0
1748561942.3457074,0.09180815752075726,0.0
1748561942.355872,0.0918218896780841,0.0
1748561942.3656907,0.09183562183541095,0.0
1748561942.3757448,0.0918493539927378,0.0
1748561942.3857605,0.09186308615006465,0.0
1748561942.3955262,0.0918768183073915,0.0
1748561942.4055598,0.09189055046471835,0.0
1748561942.415964,0.0919042826220452,0.0
1748561942.425983,0.09191801477937205,0.0
1748561942.4357934,0.0919317469366989,0.0
1748561942.4458127,0.09194547909402574,0.0
1748561942.455629,0.09195921125135259,0.0
1748561942.4659767,0.09197294340867944,0.0
1748561942.4761236,0.09198667556600629,0.0
1748561942.4862535,0.09200040772333314,0.0
1748561942.4957929,0.09201413988065998,0.0
1748561942.5076873,0.09202787203798683,0.0
1748561942.5159853,0.08375026188927151,0.0
1748561942.5356593,0.0,0.058159913793516066
1748561942.5461133,0.0,0.05833387166129328
1748561942.5555923,0.0,0.05850782952907049
1748561942.5658953,0.0,0.05868178739684771
1748561942.575742,0.0,0.05885574526462492
1748561942.5859382,0.0,0.059029703132402134
1748561942.5957665,0.0,0.05920366100017935
1748561942.6056378,0.0,0.05937761886795656
1748561942.6157322,0.0,0.059551576735733774
1748561942.6258597,0.0,0.05972553460351099
1748561942.6358006,0.0,0.0598994924712882
1748561942.6458802,0.0,0.060073450339065415
1748561942.6559134,0.0,0.06024740820684263
1748561942.6661987,0.0,0.06042136607461984
1748561942.676306,0.0,0.060595323942397056
1748561942.6861794,0.0,0.06076928181017427
1748561942.6957362,0.0,0.06094323967795148
1748561942.708602,0.0,0.061117197545728696
1748561942.7156258,0.0,0.15958246369984735
1748561942.7260926,0.0,0.16005041351663657
1748561942.7358146,0.0,0.16051836333342578
1748561942.7456863,0.0,0.160986313150215
1748561942.756451,0.0,0.16145426296700421
1748561942.7661068,0.0,0.16192221278379343
1748561942.7765083,0.0,0.16239016260058264
1748561942.7865424,0.0,0.16285811241737186
1748561942.7963054,0.0,0.16332606223416107
1748561942.8059406,0.0,0.1637940120509503
1748561942.8160846,0.0,0.1642619618677395
1748561942.8258798,0.0,0.16472991168452872
1748561942.835907,0.0,0.16519786150131793
1748561942.845848,0.0,0.16566581131810715
1748561942.8557224,0.0,0.16613376113489636
1748561942.8659666,0.0,0.16660171095168558
1748561942.8760412,0.0,0.1670696607684748
1748561942.8858023,0.0,0.167537610585264
1748561942.895737,0.0,0.16800556040205322
1748561942.9082305,0.0,0.16847351021884244
1748561942.9160461,0.0,0.16590768328853478
1748561942.92575,0.0,0.16636655899740643
1748561942.9355478,0.0,0.1668254347062781
1748561942.9457786,0.0,0.16728431041514974
1748561942.9556437,0.0,0.1677431861240214
1748561942.965801,0.0,0.16820206183289305
1748561942.9758105,0.0,0.1686609375417647
1748561942.9863462,0.0,0.16911981325063635
1748561942.996016,0.0,0.169578688959508
1748561943.0056727,0.0,0.17003756466837966
1748561943.0157542,0.0,0.1704964403772513
1748561943.0261335,0.0,0.17095531608612297
1748561943.0357006,0.0,0.17141419179499462
1748561943.045738,0.0,0.17187306750386627
1748561943.0554962,0.0,0.17233194321273793
1748561943.0659308,0.0,0.17279081892160958
1748561943.0756013,0.0,0.17324969463048123
1748561943.085776,0.0,0.17370857033935289
1748561943.0957446,0.0,0.17416744604822454
1748561943.1079006,0.0,0.1746263217570962
1748561943.1154606,0.0,0.17194085147131238
1748561943.1257355,0.0,0.1723903223566706
1748561943.1359289,0.0,0.17283979324202883
1748561943.1455765,0.0,0.17328926412738702
1748561943.155591,0.0,0.1737387350127452
1748561943.1657445,0.0,0.17418820589810338
1748561943.1757154,0.0,0.17463767678346157
1748561943.1856732,0.0,0.17508714766881975
1748561943.196021,0.0,0.17553661855417793
1748561943.2057893,0.0,0.17598608943953611
1748561943.2156851,0.0,0.1764355603248943
1748561943.2258084,0.0,0.17688503121025248
1748561943.23575,0.0,0.17733450209561066
1748561943.2457662,0.0,0.17778397298096885
1748561943.255808,0.0,0.17823344386632703
1748561943.2659967,0.0,0.1786829147516852
1748561943.2763798,0.0,0.1791323856370434
1748561943.2855988,0.0,0.17958185652240158
1748561943.2957466,0.0,0.18003132740775976
1748561943.3087814,0.0,0.18048079829311794
1748561943.3157415,0.0,0.17767892383784148
1748561943.3258982,0.0,0.17811866986176214
1748561943.336003,0.0,0.17855841588568275
1748561943.345702,0.0,0.17899816190960335
1748561943.356204,0.0,0.17943790793352396
1748561943.3657374,0.0,0.17987765395744457
1748561943.3755794,0.0,0.18031739998136517
1748561943.3854969,0.0,0.18075714600528578
1748561943.3956976,0.0,0.18119689202920639
1748561943.4062734,0.0,0.181636638053127
1748561943.415994,0.0,0.1820763840770476
1748561943.4257817,0.0,0.1825161301009682
1748561943.4360077,0.0,0.1829558761248888
1748561943.4457338,0.0,0.18339562214880942
1748561943.4558494,0.0,0.18383536817273002
1748561943.4659414,0.0,0.18427511419665063
1748561943.475884,0.0,0.18471486022057124
1748561943.4857757,0.0,0.18515460624449184
1748561943.495706,0.0,0.18559435226841245
1748561943.508235,0.0,0.18603409829233306
1748561943.51583,0.0,0.18312274496417932
1748561943.525825,0.0,0.1835524677597289
1748561943.5360904,0.0,0.18398219055527842
1748561943.5456388,0.0,0.18441191335082796
1748561943.555916,0.0,0.1848416361463775
1748561943.565587,0.0,0.18527135894192703
1748561943.575667,0.0,0.18570108173747657
1748561943.5856655,0.0,0.1861308045330261
1748561943.595781,0.0,0.18656052732857564
1748561943.6059458,0.0,0.18699025012412518
1748561943.615655,0.0,0.18741997291967472
1748561943.625615,0.0,0.18784969571522425
1748561943.6359806,0.0,0.1882794185107738
1748561943.645904,0.0,0.18870914130632332
1748561943.655846,0.0,0.18913886410187286
1748561943.6656172,0.0,0.1895685868974224
1748561943.6762471,0.0,0.18999830969297193
1748561943.6858869,0.0,0.19042803248852147
1748561943.695832,0.0,0.190857755284071
1748561943.709403,0.0,0.19128747807962054
1748561943.715447,0.0,0.18827076234911405
1748561943.7260876,0.0,0.18869017675425664
1748561943.7359726,0.0,0.18910959115939924
1748561943.745952,0.0,0.18952900556454183
1748561943.7559404,0.0,0.18994841996968442
1748561943.7658389,0.0,0.19036783437482702
1748561943.7756927,0.0,0.1907872487799696
1748561943.7859433,0.0,0.1912066631851122
1748561943.7958393,0.0,0.1916260775902548
1748561943.8058276,0.0,0.1920454919953974
1748561943.816262,0.0,0.19246490640053998
1748561943.825868,0.0,0.19288432080568257
1748561943.835825,0.0,0.19330373521082517
1748561943.8458805,0.0,0.19372314961596776
1748561943.8558786,0.0,0.19414256402111035
1748561943.866223,0.0,0.19456197842625295
1748561943.8755567,0.0,0.19498139283139554
1748561943.8858123,0.0,0.19540080723653813
1748561943.8957126,0.0,0.19582022164168073
1748561943.908113,0.0,0.19623963604682332
1748561943.9155493,0.0,0.19312745300026612
1748561943.9257295,0.0,0.19353630430236274
1748561943.935837,0.0,0.19394515560445935
1748561943.9457076,0.0,0.19435400690655597
1748561943.9558609,0.0,0.19476285820865258
1748561943.9658885,0.0,0.1951717095107492
1748561943.9755907,0.0,0.1955805608128458
1748561943.9855874,0.0,0.19598941211494242
1748561943.9958997,0.0,0.19639826341703903
1748561944.0056002,0.0,0.19680711471913565
1748561944.015676,0.0,0.19721596602123226
1748561944.0257115,0.0,0.19762481732332887
1748561944.035807,0.0,0.19803366862542549
1748561944.045581,0.0,0.1984425199275221
1748561944.0557985,0.0,0.1988513712296187
1748561944.0657928,0.0,0.19926022253171533
1748561944.077114,0.0,0.19966907383381194
1748561944.087077,0.0,0.20007792513590855
1748561944.0965858,0.0,0.20048677643800517
1748561944.1087189,0.0,0.20089562774010178
1748561944.1155396,0.0,0.1976826892563161
1748561944.1260767,0.0,0.1980807076876673
1748561944.135869,0.0,0.19847872611901854
1748561944.1459954,0.0,0.19887674455036977
1748561944.155733,0.0,0.199274762981721
1748561944.1660645,0.0,0.19967278141307224
1748561944.176204,0.0,0.20007079984442347
1748561944.1857958,0.0,0.2004688182757747
1748561944.1958022,0.0,0.20086683670712593
1748561944.2056005,0.0,0.20126485513847717
1748561944.2159626,0.0,0.2016628735698284
1748561944.2259881,0.0,0.20206089200117963
1748561944.2358594,0.0,0.20245891043253086
1748561944.245995,0.0,0.2028569288638821
1748561944.255859,0.0,0.20325494729523333
1748561944.265953,0.0,0.20365296572658456
1748561944.2764032,0.0,0.2040509841579358
1748561944.2856615,0.0,0.20444900258928703
1748561944.296369,0.0,0.20484702102063826
1748561944.3091395,0.0,0.2052450394519895
1748561944.3155754,0.0,0.20194655944045373
1748561944.3258343,0.0,0.20233352154545536
1748561944.3359065,0.0,0.20272048365045697
1748561944.3458946,0.0,0.20310744575545858
1748561944.3555424,0.0,0.2034944078604602
1748561944.3659635,0.0,0.2038813699654618
1748561944.3760302,0.0,0.2042683320704634
1748561944.3858092,0.0,0.20465529417546502
1748561944.3961713,0.0,0.20504225628046663
1748561944.4060202,0.0,0.20542921838546824
1748561944.415938,0.0,0.20581618049046985
1748561944.425876,0.0,0.20620314259547146
1748561944.4360094,0.0,0.20659010470047307
1748561944.4457464,0.0,0.20697706680547467
1748561944.4561048,0.0,0.20736402891047628
1748561944.4654918,0.0,0.2077509910154779
1748561944.475935,0.0,0.2081379531204795
1748561944.4859333,0.0,0.2085249152254811
1748561944.4957454,0.0,0.20891187733048272
1748561944.5093615,0.0,0.20929883943548433
1748561944.5158117,0.0,0.2059128023115943
1748561944.52591,0.0,0.20628847927433602
1748561944.535743,0.0,0.20666415623707773
1748561944.545898,0.0,0.20703983319981945
1748561944.5560014,0.0,0.20741551016256116
1748561944.5655148,0.0,0.20779118712530287
1748561944.5758736,0.0,0.20816686408804458
1748561944.5857406,0.0,0.2085425410507863
1748561944.5958655,0.0,0.208918218013528
1748561944.6058555,0.0,0.2092938949762697
1748561944.6156547,0.0,0.20966957193901142
1748561944.6256607,0.0,0.21004524890175313
1748561944.6357527,0.0,0.21042092586449485
1748561944.6459582,0.0,0.21079660282723656
1748561944.6561828,0.0,0.21117227978997827
1748561944.6660929,0.0,0.21154795675271998
1748561944.6759431,0.0,0.2119236337154617
1748561944.685751,0.0,0.2122993106782034
1748561944.695525,0.0,0.2126749876409451
1748561944.7079005,0.0,0.21305066460368682
1748561944.7155232,0.0,0.2095881395423237
1748561944.7263381,0.0,0.2099523363394898
1748561944.7357352,0.0,0.21031653313665588
1748561944.745727,0.0,0.21068072993382198
1748561944.7561038,0.0,0.21104492673098807
1748561944.7661777,0.0,0.21140912352815416
1748561944.776151,0.0,0.21177332032532026
1748561944.7860782,0.0,0.21213751712248635
1748561944.7958581,0.0,0.21250171391965245
1748561944.8064415,0.0,0.21286591071681854
1748561944.815539,0.0,0.21323010751398463
1748561944.8259096,0.0,0.21359430431115073
1748561944.836076,0.0,0.21395850110831682
1748561944.8457854,0.0,0.21432269790548292
1748561944.8561423,0.0,0.214686894702649
1748561944.8660662,0.0,0.2150510914998151
1748561944.875856,0.0,0.2154152882969812
1748561944.8857238,0.0,0.2157794850941473
1748561944.8958673,0.0,0.2161436818913134
1748561944.910292,0.0,0.21650787868847948
1748561944.9155457,0.0,0.2129667099676405
1748561944.9259448,0.0,0.2133192257114128
1748561944.935838,0.0,0.21367174145518505
1748561944.9458117,0.0,0.21402425719895732
1748561944.955787,0.0,0.21437677294272958
1748561944.9656951,0.0,0.21472928868650185
1748561944.9756866,0.0,0.2150818044302741
1748561944.98578,0.0,0.21543432017404637
1748561944.9957025,0.0,0.21578683591781864
1748561945.0057986,0.0,0.2161393516615909
1748561945.016094,0.0,0.21649186740536316
1748561945.0259268,0.0,0.21684438314913543
1748561945.0356414,0.0,0.2171968988929077
1748561945.0456994,0.0,0.21754941463667996
1748561945.0556874,0.0,0.21790193038045222
1748561945.0660188,0.0,0.21825444612422448
1748561945.0758324,0.0,0.21860696186799675
1748561945.0857744,0.0,0.218959477611769
1748561945.096118,0.0,0.21931199335554127
1748561945.1086729,0.0,0.21966450909931354
1748561945.1156738,0.0,0.21606003107607605
1748561945.1260111,0.0,0.21640071134497196
1748561945.1362958,0.0,0.21674139161386785
1748561945.1461189,0.0,0.21708207188276374
1748561945.155559,0.0,0.21742275215165963
1748561945.1661055,0.0,0.2177634324205555
1748561945.1762154,0.0,0.2181041126894514
1748561945.1857138,0.0,0.2184447929583473
1748561945.1961231,0.0,0.21878547322724318
1748561945.2061288,0.0,0.21912615349613906
1748561945.2159345,0.0,0.21946683376503495
1748561945.2258956,0.0,0.21980751403393084
1748561945.2357624,0.0,0.22014819430282673
1748561945.245617,0.0,0.22048887457172262
1748561945.2555795,0.0,0.2208295548406185
1748561945.2657306,0.0,0.2211702351095144
1748561945.2765012,0.0,0.22151091537841028
1748561945.2856987,0.0,0.22185159564730617
1748561945.2959044,0.0,0.22219227591620205
1748561945.308223,0.0,0.22253295618509794
1748561945.316673,0.0,0.21886077042621
1748561945.3257756,0.0,0.21918944810479346
1748561945.3359823,0.0,0.21951812578337693
1748561945.3458745,0.0,0.2198468034619604
1748561945.355948,0.0,0.22017548114054386
1748561945.3662949,0.0,0.22050415881912733
1748561945.3757644,0.0,0.2208328364977108
1748561945.3855398,0.0,0.22116151417629426
1748561945.3955936,0.0,0.22149019185487773
1748561945.4056823,0.0,0.2218188695334612
1748561945.4156084,0.0,0.22214754721204466
1748561945.4257739,0.0,0.22247622489062813
1748561945.4357529,0.0,0.2228049025692116
1748561945.4456315,0.0,0.22313358024779506
1748561945.456023,0.0,0.22346225792637853
1748561945.4656398,0.0,0.223790935604962
1748561945.475679,0.0,0.22411961328354546
1748561945.4856443,0.0,0.22444829096212893
1748561945.4956887,0.0,0.2247769686407124
1748561945.5085828,0.0,0.22510564631929586
1748561945.515899,0.0,0.22137919063135503
1748561945.5258138,0.0,0.22169573929687814
1748561945.5360532,0.0,0.22201228796240124
1748561945.545633,0.0,0.22232883662792435
1748561945.5560856,0.0,0.22264538529344746
1748561945.5659697,0.0,0.22296193395897057
1748561945.5760365,0.0,0.22327848262449368
1748561945.5860095,0.0,0.2235950312900168
1748561945.5956824,0.0,0.2239115799555399
1748561945.6059344,0.0,0.224228128621063
1748561945.615911,0.0,0.22454467728658611
1748561945.6256895,0.0,0.22486122595210922
1748561945.635838,0.0,0.22517777461763233
1748561945.6456838,0.0,0.22549432328315544
1748561945.655967,0.0,0.22581087194867855
1748561945.6658418,0.0,0.22612742061420166
1748561945.6771035,0.0,0.22644396927972477
1748561945.6869135,0.0,0.22676051794524787
1748561945.6963744,0.0,0.22707706661077098
1748561945.7094107,0.0,0.2273936152762941
1748561945.7164683,0.0,0.2236084828769962
1748561945.7259047,0.0,0.22391276330404025
1748561945.735931,0.0,0.2242170437310843
1748561945.7461169,0.0,0.22452132415812837
1748561945.7558777,0.0,0.22482560458517242
1748561945.7657218,0.0,0.22512988501221648
1748561945.7759683,0.0,0.22543416543926054
1748561945.7857752,0.0,0.2257384458663046
1748561945.795832,0.0,0.22604272629334865
1748561945.805833,0.0,0.2263470067203927
1748561945.8158288,0.0,0.22665128714743676
1748561945.8267152,0.0,0.22695556757448082
1748561945.8361232,0.0,0.22725984800152488
1748561945.8460555,0.0,0.22756412842856893
1748561945.8561997,0.0,0.227868408855613
1748561945.865735,0.0,0.22817268928265705
1748561945.8760333,0.0,0.2284769697097011
1748561945.885602,0.0,0.22878125013674516
1748561945.8963099,0.0,0.22908553056378922
1748561945.9075906,0.0,0.22938981099083328
1748561945.9155655,0.0,0.22555753925242272
1748561945.9257596,0.0,0.22584944714058702
1748561945.9358468,0.0,0.22614135502875132
1748561945.9459097,0.0,0.22643326291691562
1748561945.9557211,0.0,0.22672517080507992
1748561945.9658875,0.0,0.22701707869324422
1748561945.9757235,0.0,0.22730898658140852
1748561945.9860082,0.0,0.22760089446957282
1748561945.9957833,0.0,0.22789280235773712
1748561946.0057647,0.0,0.22818471024590142
1748561946.0158243,0.0,0.22847661813406572
1748561946.0257976,0.0,0.22876852602223002
1748561946.0357199,0.0,0.22906043391039432
1748561946.045571,0.0,0.22935234179855862
1748561946.055721,0.0,0.22964424968672292
1748561946.0657322,0.0,0.22993615757488722
1748561946.0758913,0.0,0.23022806546305152
1748561946.0859435,0.0,0.23051997335121582
1748561946.0958505,0.0,0.23081188123938012
1748561946.1095076,0.0,0.23110378912754442
1748561946.1156774,0.0,0.22722921935016693
1748561946.1257904,0.0,0.22750866519147522
1748561946.135946,0.0,0.2277881110327835
1748561946.1457713,0.0,0.2280675568740918
1748561946.1560366,0.0,0.2283470027154001
1748561946.166425,0.0,0.22862644855670838
1748561946.1758733,0.0,0.22890589439801667
1748561946.1858864,0.0,0.22918534023932496
1748561946.1957932,0.0,0.22946478608063325
1748561946.205846,0.0,0.22974423192194154
1748561946.2159514,0.0,0.23002367776324983
1748561946.2257555,0.0,0.23030312360455812
1748561946.2360923,0.0,0.23058256944586641
1748561946.2457166,0.0,0.2308620152871747
1748561946.2559104,0.0,0.231141461128483
1748561946.2661414,0.0,0.23142090696979128
1748561946.2766364,0.0,0.23170035281109957
1748561946.2858293,0.0,0.23197979865240786
1748561946.2956033,0.0,0.23225924449371615
1748561946.3079653,0.0,0.23253869033502444
1748561946.31558,0.0,0.2286258560477527
1748561946.3260972,0.0,0.22889276266634334
1748561946.3356712,0.0,0.22915966928493398
1748561946.345704,0.0,0.2294265759035246
1748561946.355686,0.0,0.22969348252211524
1748561946.3657403,0.0,0.22996038914070588
1748561946.3760548,0.0,0.2302272957592965
1748561946.3859446,0.0,0.23049420237788715
1748561946.3956902,0.0,0.23076110899647778
1748561946.4057808,0.0,0.23102801561506842
1748561946.4156687,0.0,0.23129492223365905
1748561946.4253862,0.0,0.23156182885224968
1748561946.4356968,0.0,0.23182873547084032
1748561946.4459207,0.0,0.23209564208943095
1748561946.4556904,0.0,0.2323625487080216
1748561946.4657748,0.0,0.23262945532661222
1748561946.4757662,0.0,0.23289636194520286
1748561946.4858277,0.0,0.2331632685637935
1748561946.4959671,0.0,0.23343017518238413
1748561946.507832,0.0,0.23369708180097476
1748561946.5156844,0.0,0.22974883657130352
1748561946.5260308,0.0,0.23000313555724736
1748561946.535928,0.0,0.23025743454319123
1748561946.545791,0.0,0.2305117335291351
1748561946.5560346,0.0,0.23076603251507896
1748561946.5662222,0.0,0.23102033150102283
1748561946.576123,0.0,0.2312746304869667
1748561946.5857918,0.0,0.23152892947291057
1748561946.595644,0.0,0.23178322845885443
1748561946.6059234,0.0,0.2320375274447983
1748561946.6160777,0.0,0.23229182643074217
1748561946.625664,0.0,0.23254612541668604
1748561946.6357365,0.0,0.2328004244026299
1748561946.6457422,0.0,0.23305472338857378
1748561946.6557322,0.0,0.23330902237451764
1748561946.6657686,0.0,0.2335633213604615
1748561946.6757908,0.0,0.23381762034640538
1748561946.685771,0.0,0.23407191933234925
1748561946.6958506,0.0,0.23432621831829312
1748561946.7079015,0.0,0.23458051730423699
1748561946.7156122,0.0,0.2306039304942595
1748561946.72612,0.0,0.2308455747868955
1748561946.735651,0.0,0.23108721907953145
1748561946.7457502,0.0,0.2313288633721674
1748561946.7559714,0.0,0.23157050766480336
1748561946.7661147,0.0,0.23181215195743932
1748561946.7761335,0.0,0.23205379625007527
1748561946.7858887,0.0,0.23229544054271123
1748561946.7960389,0.0,0.23253708483534719
1748561946.8055387,0.0,0.23277872912798314
1748561946.8158207,0.0,0.2330203734206191
1748561946.8257434,0.0,0.23326201771325505
1748561946.8357797,0.0,0.233503662005891
1748561946.8456147,0.0,0.23374530629852697
1748561946.8556514,0.0,0.23398695059116292
1748561946.865842,0.0,0.23422859488379888
1748561946.875702,0.0,0.23447023917643484
1748561946.8858414,0.0,0.2347118834690708
1748561946.8957553,0.0,0.23495352776170675
1748561946.9081657,0.0,0.2351951720543427
1748561946.9158669,0.0,0.23119523337812364
1748561946.9261203,0.0,0.23142419098191958
1748561946.9360569,0.0,0.2316531485857155
1748561946.9460392,0.0,0.23188210618951144
1748561946.9556825,0.0,0.23211106379330737
1748561946.9658825,0.0,0.2323400213971033
1748561946.9758646,0.0,0.23256897900089923
1748561946.9856029,0.0,0.23279793660469517
1748561946.9964547,0.0,0.2330268942084911
1748561947.0066798,0.0,0.23325585181228703
1748561947.0159824,0.0,0.23348480941608296
1748561947.0263104,0.0,0.2337137670198789
1748561947.0363495,0.0,0.23394272462367482
1748561947.046359,0.0,0.23417168222747076
1748561947.0562148,0.0,0.2344006398312667
1748561947.0661137,0.0,0.23462959743506262
1748561947.076617,0.0,0.23485855503885855
1748561947.085815,0.0,0.23508751264265448
1748561947.0955703,0.0,0.23531647024645042
1748561947.1072404,0.0,0.23554542785024635
1748561947.1158319,0.0,0.23152561602769878
1748561947.1261075,0.0,0.23174186544776687
1748561947.1356885,0.0,0.23195811486783496
1748561947.1455739,0.0,0.23217436428790306
1748561947.1557183,0.0,0.23239061370797115
1748561947.1660907,0.0,0.23260686312803924
1748561947.1758406,0.0,0.23282311254810734
1748561947.1857624,0.0,0.23303936196817543
1748561947.1957605,0.0,0.23325561138824352
1748561947.205591,0.0,0.23347186080831162
1748561947.216412,0.0,0.2336881102283797
1748561947.225605,0.0,0.2339043596484478
1748561947.2356136,0.0,0.2341206090685159
1748561947.245745,0.0,0.234336858488584
1748561947.2556126,0.0,0.23455310790865208
1748561947.2658122,0.0,0.23476935732872017
1748561947.276139,0.0,0.23498560674878827
1748561947.285881,0.0,0.23520185616885636
1748561947.295839,0.0,0.23541810558892445
1748561947.308116,0.0,0.23563435500899255
1748561947.3155682,0.0,0.23160297124068946
1748561947.3263266,0.0,0.23180651587554807
1748561947.3357222,0.0,0.23201006051040668
1748561947.34583,0.0,0.2322136051452653
1748561947.3559134,0.0,0.2324171497801239
1748561947.3656118,0.0,0.2326206944149825
1748561947.3760433,0.0,0.23282423904984112
1748561947.385713,0.0,0.23302778368469973
1748561947.3955986,0.0,0.23323132831955834
1748561947.405597,0.0,0.23343487295441695
1748561947.415372,0.0,0.23363841758927556
1748561947.4257822,0.0,0.23384196222413417
1748561947.4359329,0.0,0.23404550685899278
1748561947.4457555,0.0,0.2342490514938514
1748561947.456158,0.0,0.23445259612871
1748561947.4656785,0.0,0.2346561407635686
1748561947.4759302,0.0,0.23485968539842722
1748561947.485761,0.0,0.23506323003328583
1748561947.4959695,0.0,0.23526677466814444
1748561947.5079195,0.0,0.23547031930300305
1748561947.515681,0.0,0.23142423942029894
1748561947.5257773,0.0,0.23161507331382888
1748561947.5358953,0.0,0.2318059072073588
1748561947.5461338,0.0,0.23199674110088872
1748561947.555664,0.0,0.23218757499441864
1748561947.5656729,0.0,0.23237840888794856
1748561947.5755205,0.0,0.23256924278147847
1748561947.585682,0.0,0.2327600766750084
1748561947.5956357,0.0,0.2329509105685383
1748561947.6057756,0.0,0.23314174446206823
1748561947.6157424,0.0,0.23333257835559815
1748561947.625871,0.0,0.23352341224912807
1748561947.6356854,0.0,0.23371424614265798
1748561947.6458714,0.0,0.2339050800361879
1748561947.6557634,0.0,0.23409591392971782
1748561947.6656957,0.0,0.23428674782324774
1748561947.6755757,0.0,0.23447758171677766
1748561947.686985,0.0,0.23466841561030757
1748561947.6968234,0.0,0.2348592495038375
1748561947.7094052,0.0,0.2350500833973674
1748561947.715541,0.0,0.2310003918539328
1748561947.726135,0.0,0.23117854222172904
1748561947.7356327,0.0,0.23135669258952526
1748561947.746075,0.0,0.2315348429573215
1748561947.7556512,0.0,0.23171299332511772
1748561947.7658722,0.0,0.23189114369291394
1748561947.7757792,0.0,0.23206929406071017
1748561947.7855992,0.0,0.2322474444285064
1748561947.7955766,0.0,0.23242559479630262
1748561947.805651,0.0,0.23260374516409885
1748561947.815532,0.0,0.23278189553189507
1748561947.8256269,0.0,0.2329600458996913
1748561947.835666,0.0,0.23313819626748752
1748561947.845637,0.0,0.23331634663528375
1748561947.8559053,0.0,0.23349449700307998
1748561947.8658087,0.0,0.2336726473708762
1748561947.8757572,0.0,0.23385079773867243
1748561947.8857033,0.0,0.23402894810646865
1748561947.895829,0.0,0.23420709847426488
1748561947.908008,0.0,0.2343852488420611
1748561947.9157023,0.0,0.23033397762549204
1748561947.9257202,0.0,0.23049947767947662
1748561947.9356713,0.0,0.2306649777334612
1748561947.9456635,0.0,0.23083047778744578
1748561947.9560184,0.0,0.23099597784143036
1748561947.9661837,0.0,0.23116147789541494
1748561947.97607,0.0,0.23132697794939952
1748561947.9857676,0.0,0.2314924780033841
1748561947.9959297,0.0,0.23165797805736868
1748561948.0057366,0.0,0.23182347811135326
1748561948.0158439,0.0,0.23198897816533784
1748561948.0257702,0.0,0.23215447821932242
1748561948.035807,0.0,0.232319978273307
1748561948.0457213,0.0,0.23248547832729158
1748561948.0557811,0.0,0.23265097838127616
1748561948.0659108,0.0,0.23281647843526074
1748561948.0756638,0.0,0.23298197848924532
1748561948.0869029,0.0,0.2331474785432299
1748561948.0957649,0.0,0.23331297859721448
1748561948.1090367,0.0,0.23347847865119906
1748561948.1155725,0.0,0.22943227185514628
1748561948.125676,0.0,0.22958517458056643
1748561948.1356714,0.0,0.22973807730598655
1748561948.1458378,0.0,0.22989098003140668
1748561948.1557107,0.0,0.2300438827568268
1748561948.1658154,0.0,0.23019678548224692
1748561948.1758564,0.0,0.23034968820766705
1748561948.186226,0.0,0.23050259093308717
1748561948.1962197,0.0,0.2306554936585073
1748561948.2055805,0.0,0.23080839638392742
1748561948.2155795,0.0,0.23096129910934754
1748561948.2259033,0.0,0.23111420183476766
1748561948.2356591,0.0,0.2312671045601878
1748561948.245715,0.0,0.2314200072856079
1748561948.2559211,0.0,0.23157291001102803
1748561948.26598,0.0,0.23172581273644816
1748561948.2773185,0.0,0.23187871546186828
1748561948.2859147,0.0,0.2320316181872884
1748561948.2965055,0.0,0.23218452091270853
1748561948.3086615,0.0,0.23233742363812865
1748561948.3157465,0.0,0.2282997087146053
1748561948.3262064,0.0,0.2284400771898292
1748561948.3358917,0.0,0.22858044566505312
1748561948.3455632,0.0,0.22872081414027703
1748561948.3557134,0.0,0.22886118261550095
1748561948.3657296,0.0,0.22900155109072487
1748561948.37572,0.0,0.2291419195659488
1748561948.3856268,0.0,0.2292822880411727
1748561948.3958244,0.0,0.22942265651639662
1748561948.4057157,0.0,0.22956302499162054
1748561948.416122,0.0,0.22970339346684446
1748561948.425603,0.0,0.22984376194206838
1748561948.4354537,0.0,0.2299841304172923
1748561948.4462824,0.0,0.2301244988925162
1748561948.4562764,0.0,0.23026486736774013
1748561948.4661558,0.0,0.23040523584296405
1748561948.476077,0.0,0.23054560431818796
1748561948.485819,0.0,0.23068597279341188
1748561948.4960167,0.0,0.2308263412686358
1748561948.508811,0.0,0.23096670974385972
1748561948.5159385,0.0,0.2269380193222342
1748561948.525898,0.0,0.22706591803006973
1748561948.5363452,0.0,0.22719381673790526
1748561948.5460186,0.0,0.22732171544574079
1748561948.555815,0.0,0.2274496141535763
1748561948.5662408,0.0,0.22757751286141184
1748561948.5759819,0.0,0.22770541156924737
1748561948.5856397,0.0,0.2278333102770829
1748561948.595929,0.0,0.22796120898491842
1748561948.60575,0.0,0.22808910769275395
1748561948.6159465,0.0,0.22821700640058948
1748561948.6258478,0.0,0.228344905108425
1748561948.6356518,0.0,0.22847280381626053
1748561948.6463914,0.0,0.22860070252409606
1748561948.6558363,0.0,0.2287286012319316
1748561948.665742,0.0,0.22885649993976712
1748561948.6756845,0.0,0.22898439864760264
1748561948.6857255,0.0,0.22911229735543817
1748561948.6958385,0.0,0.2292401960632737
1748561948.708726,0.0,0.22936809477110923
1748561948.715841,0.0,0.22535685761567972
1748561948.7258341,0.0,0.22547237605672585
1748561948.7359147,0.0,0.22558789449777192
1748561948.7460914,0.0,0.225703412938818
1748561948.7559643,0.0,0.22581893137986406
1748561948.7660441,0.0,0.22593444982091013
1748561948.7757978,0.0,0.2260499682619562
1748561948.7855816,0.0,0.22616548670300227
1748561948.795775,0.0,0.22628100514404834
1748561948.80555,0.0,0.2263965235850944
1748561948.8159966,0.0,0.22651204202614048
1748561948.825907,0.0,0.22662756046718655
1748561948.8356762,0.0,0.22674307890823261
1748561948.8457458,0.0,0.22685859734927868
1748561948.8559299,0.0,0.22697411579032475
1748561948.8655722,0.0,0.22708963423137082
1748561948.8760235,0.0,0.2272051526724169
1748561948.8856943,0.0,0.22732067111346296
1748561948.8958578,0.0,0.22743618955450903
1748561948.9081938,0.0,0.2275517079955551
1748561948.915774,0.0,0.22356284202604645
1748561948.9256346,0.0,0.22366608414283368
1748561948.9357095,0.0,0.22376932625962087
1748561948.9457517,0.0,0.22387256837640807
1748561948.9560304,0.0,0.22397581049319526
1748561948.9656415,0.0,0.22407905260998245
1748561948.9759238,0.0,0.22418229472676965
1748561948.9856439,0.0,0.22428553684355684
1748561948.99564,0.0,0.22438877896034404
1748561949.0058978,0.0,0.22449202107713123
1748561949.0158908,0.0,0.22459526319391843
1748561949.025845,0.0,0.22469850531070562
1748561949.0360413,0.0,0.22480174742749282
1748561949.0456054,0.0,0.22490498954428
1748561949.055719,0.0,0.2250082316610672
1748561949.065796,0.0,0.2251114737778544
1748561949.0756261,0.0,0.2252147158946416
1748561949.0858116,0.0,0.2253179580114288
1748561949.0957272,0.0,0.22542120012821598
1748561949.10807,0.0,0.22552444224500318
1748561949.1156826,0.0,0.22155653838252537
1748561949.1256614,0.0,0.22164760359209645
1748561949.1356862,0.0,0.22173866880166754
1748561949.145684,0.0,0.22182973401123862
1748561949.1558342,0.0,0.2219207992208097
1748561949.16563,0.0,0.2220118644303808
1748561949.175692,0.0,0.22210292963995187
1748561949.1857805,0.0,0.22219399484952296
1748561949.1959436,0.0,0.22228506005909404
1748561949.2056227,0.0,0.22237612526866513
1748561949.2158456,0.0,0.2224671904782362
1748561949.2257743,0.0,0.2225582556878073
1748561949.2356682,0.0,0.22264932089737838
1748561949.2456195,0.0,0.22274038610694946
1748561949.2556138,0.0,0.22283145131652055
1748561949.2657347,0.0,0.22292251652609163
1748561949.2761009,0.0,0.2230135817356627
1748561949.2857597,0.0,0.2231046469452338
1748561949.2958417,0.0,0.22319571215480488
1748561949.3085477,0.0,0.22328677736437597
1748561949.3154478,0.0,0.21934926990624357
1748561949.3257904,0.0,0.2194282855465194
1748561949.3358736,0.0,0.21950730118679526
1748561949.3457544,0.0,0.2195863168270711
1748561949.3557465,0.0,0.21966533246734696
1748561949.3657024,0.0,0.2197443481076228
1748561949.3757246,0.0,0.21982336374789865
1748561949.3864276,0.0,0.2199023793881745
1748561949.3956375,0.0,0.21998139502845035
1748561949.4055517,0.0,0.2200604106687262
1748561949.4157057,0.0,0.22013942630900205
1748561949.4258904,0.0,0.2202184419492779
1748561949.435924,0.0,0.22029745758955374
1748561949.4457386,0.0,0.2203764732298296
1748561949.4558485,0.0,0.22045548887010544
1748561949.4666002,0.0,0.22053450451038129
1748561949.4755926,0.0,0.22061352015065713
1748561949.4858222,0.0,0.22069253579093298
1748561949.4966605,0.0,0.22077155143120883
1748561949.5078216,0.0,0.22085056707148468
1748561949.5158336,0.0,0.21694269884689185
1748561949.5260842,0.0,0.21700978961020398
1748561949.5355277,0.0,0.2170768803735161
1748561949.5458212,0.0,0.21714397113682823
1748561949.5558827,0.0,0.21721106190014036
1748561949.5655768,0.0,0.2172781526634525
1748561949.5756273,0.0,0.21734524342676462
1748561949.5859325,0.0,0.21741233419007674
1748561949.5958972,0.0,0.21747942495338887
1748561949.6059844,0.0,0.217546515716701
1748561949.615595,0.0,0.21761360648001313
1748561949.6259344,0.0,0.21768069724332526
1748561949.6360133,0.0,0.21774778800663738
1748561949.6457381,0.0,0.2178148787699495
1748561949.655883,0.0,0.21788196953326164
1748561949.665989,0.0,0.21794906029657377
1748561949.6755612,0.0,0.2180161510598859
1748561949.6857362,0.0,0.21808324182319802
1748561949.695789,0.0,0.21815033258651015
1748561949.7068393,0.0,0.21821742334982228
1748561949.7163374,0.0,0.21435380512051141
1748561949.725882,0.0,0.2144091390274149
1748561949.7358053,0.0,0.2144644729343184
1748561949.7455373,0.0,0.21451980684122188
1748561949.7559028,0.0,0.21457514074812536
1748561949.765575,0.0,0.21463047465502885
1748561949.776349,0.0,0.21468580856193234
1748561949.7864215,0.0,0.21474114246883583
1748561949.7962706,0.0,0.21479647637573931
1748561949.8066893,0.0,0.2148518102826428
1748561949.816208,0.0,0.2149071441895463
1748561949.8269677,0.0,0.21496247809644978
1748561949.8361156,0.0,0.21501781200335326
1748561949.8460925,0.0,0.21507314591025675
1748561949.8559787,0.0,0.21512847981716024
1748561949.8655803,0.0,0.21518381372406373
1748561949.875788,0.0,0.21523914763096721
1748561949.8856153,0.0,0.2152944815378707
1748561949.8957942,0.0,0.2153498154447742
1748561949.9076343,0.0,0.21540514935167768
1748561949.9156325,0.0,0.2115663569352509
1748561949.925983,0.0,0.21161004340549436
1748561949.935948,0.0,0.21165372987573783
1748561949.945753,0.0,0.2116974163459813
1748561949.955712,0.0,0.21174110281622477
1748561949.965673,0.0,0.21178478928646824
1748561949.9756982,0.0,0.2118284757567117
1748561949.9855785,0.0,0.21187216222695518
1748561949.995615,0.0,0.21191584869719865
1748561950.0057495,0.0,0.21195953516744212
1748561950.0156531,0.0,0.2120032216376856
1748561950.025576,0.0,0.21204690810792906
1748561950.0356834,0.0,0.21209059457817253
1748561950.0456533,0.0,0.212134281048416
1748561950.0557425,0.0,0.21217796751865947
1748561950.0656774,0.0,0.21222165398890294
1748561950.0756407,0.0,0.2122653404591464
1748561950.0857973,0.0,0.21230902692938988
1748561950.095538,0.0,0.21235271339963335
1748561950.1079721,0.0,0.21239639986987682
1748561950.1156452,0.0,0.2086040536442116
1748561950.125884,0.0,0.20863626643739852
1748561950.1357834,0.0,0.20866847923058543
1748561950.1456158,0.0,0.20870069202377234
1748561950.1557965,0.0,0.20873290481695925
1748561950.1658573,0.0,0.20876511761014616
1748561950.1755807,0.0,0.20879733040333306
1748561950.1855576,0.0,0.20882954319651997
1748561950.195723,0.0,0.20886175598970688
1748561950.2056649,0.0,0.2088939687828938
1748561950.2155714,0.0,0.2089261815760807
1748561950.225561,0.0,0.2089583943692676
1748561950.2356071,0.0,0.20899060716245452
1748561950.245763,0.0,0.20902281995564143
1748561950.2556932,0.0,0.20905503274882833
1748561950.2656765,0.0,0.20908724554201524
1748561950.2763872,0.0,0.20911945833520215
1748561950.2856333,0.0,0.20915167112838906
1748561950.2958107,0.0,0.20918388392157597
1748561950.307447,0.0,0.20921609671476288
1748561950.315619,0.0,0.20547388052211907
1748561950.3259866,0.0,0.2054948038966046
1748561950.3359966,0.0,0.20551572727109013
1748561950.345935,0.0,0.20553665064557566
1748561950.3557374,0.0,0.2055575740200612
1748561950.3656194,0.0,0.20557849739454673
1748561950.3758235,0.0,0.20559942076903226
1748561950.3855524,0.0,0.2056203441435178
1748561950.3957038,0.0,0.20564126751800332
1748561950.4056995,0.0,0.20566219089248886
1748561950.4159212,0.0,0.2056831142669744
1748561950.4257808,0.0,0.20570403764145992
1748561950.4356847,0.0,0.20572496101594545
1748561950.445783,0.0,0.20574588439043098
1748561950.4556265,0.0,0.20576680776491652
1748561950.466689,0.0,0.20578773113940205
1748561950.4764802,0.0,0.20580865451388758
1748561950.4863477,0.0,0.2058295778883731
1748561950.4967241,0.0,0.20585050126285864
1748561950.5083566,0.0,0.20587142463734417
1748561950.5157845,0.0,0.20217423377965127
1748561950.525832,0.0,0.20218403617437955
1748561950.5356991,0.0,0.20219383856910783
1748561950.54615,0.0,0.2022036409638361
1748561950.5561306,0.0,0.2022134433585644
1748561950.5658407,0.0,0.20222324575329267
1748561950.5760121,0.0,0.20223304814802096
1748561950.5855722,0.0,0.20224285054274924
1748561950.5959458,0.0,0.20225265293747752
1748561950.6060276,0.0,0.2022624553322058
1748561950.6158857,0.0,0.20227225772693408
1748561950.6257303,0.0,0.20228206012166236
1748561950.635755,0.0,0.20229186251639064
1748561950.6458557,0.0,0.20230166491111892
1748561950.6558452,0.0,0.2023114673058472
1748561950.6656766,0.0,0.20232126970057548
1748561950.6756194,0.0,0.20233107209530377
1748561950.6856537,0.0,0.20234087449003205
1748561950.6959374,0.0,0.20235067688476033
1748561950.7086666,0.0,0.2023604792794886
1748561950.7160506,0.0,0.19872019020283183
1748561950.7354417,-0.25881994922571583,0.0
1748561950.7456994,-0.2591072077709164,0.0
1748561950.7562675,-0.2593944663161169,0.0
1748561950.7656682,-0.2596817248613174,0.0
1748561950.7758715,-0.2599689834065179,0.0
1748561950.7857969,-0.2602562419517184,0.0
1748561950.7957752,-0.26054350049691893,0.0
1748561950.8056195,-0.26083075904211944,0.0
1748561950.815591,-0.26111801758731995,0.0
1748561950.8261929,-0.26140527613252046,0.0
1748561950.835704,-0.26169253467772097,0.0
1748561950.8458652,-0.2619797932229215,0.0
1748561950.855721,-0.262267051768122,0.0
1748561950.8657205,-0.2625543103133225,0.0
1748561950.875646,-0.262841568858523,0.0
1748561950.8856575,-0.2631288274037235,0.0
1748561950.896064,-0.263416085948924,0.0
1748561950.9082978,-0.2637033444941245,0.0
1748561950.9156501,0.4215886086568933,0.0
1748561950.9257731,0.42206225933666075,0.0
1748561950.9356794,0.4225359100164282,0.0
1748561950.9456708,0.42300956069619566,0.0
1748561950.9556942,0.4234832113759631,0.0
1748561950.965605,0.4239568620557306,0.0
1748561950.9757853,0.42443051273549803,0.0
1748561950.9856744,0.4249041634152655,0.0
1748561950.9957395,0.42537781409503295,0.0
1748561951.005706,0.4258514647748004,0.0
1748561951.0157893,0.42632511545456786,0.0
1748561951.0258682,0.4267987661343353,0.0
1748561951.0355952,0.4272724168141028,0.0
1748561951.0458174,0.42774606749387023,0.0
1748561951.055736,0.4282197181736377,0.0
1748561951.065752,0.42869336885340514,0.0
1748561951.0758715,0.4291670195331726,0.0
1748561951.0858483,0.42964067021294006,0.0
1748561951.0954945,0.4301143208927075,0.0
1748561951.108314,0.43058797157247497,0.0
1748561951.116029,0.43974216686752243,0.0
1748561951.1257217,0.4402254518920349,0.0
1748561951.1355686,0.44070873691654733,0.0
1748561951.1457667,0.4411920219410598,0.0
1748561951.1558604,0.4416753069655722,0.0
1748561951.1655781,0.44215859199008467,0.0
1748561951.1758232,0.4426418770145971,0.0
1748561951.1861537,0.44312516203910957,0.0
1748561951.1958044,0.443608447063622,0.0
1748561951.2057285,0.44409173208813446,0.0
1748561951.2157767,0.4445750171126469,0.0
1748561951.2256134,0.44505830213715936,0.0
1748561951.2355955,0.4455415871616718,0.0
1748561951.245587,0.44602487218618425,0.0
1748561951.255573,0.4465081572106967,0.0
1748561951.265669,0.44699144223520915,0.0
1748561951.276406,0.4474747272597216,0.0
1748561951.285724,0.44795801228423404,0.0
1748561951.2956567,0.4484412973087465,0.0
1748561951.3078883,0.44892458233325894,0.0
1748561951.3155513,0.4090624945054291,0.0
1748561951.3260124,0.40950100109170373,0.0
1748561951.3356292,0.4099395076779784,0.0
1748561951.3456647,0.410378014264253,0.0
1748561951.3558197,0.41081652085052767,0.0
1748561951.3656602,0.4112550274368023,0.0
1748561951.375677,0.41169353402307696,0.0
1748561951.3857467,0.4121320406093516,0.0
1748561951.3959417,0.41257054719562625,0.0
1748561951.4056907,0.4130090537819009,0.0
1748561951.4156387,0.41344756036817554,0.0
1748561951.4256196,0.4138860669544502,0.0
1748561951.43583,0.4143245735407248,0.0
1748561951.445669,0.4147630801269995,0.0
1748561951.455758,0.4152015867132741,0.0
1748561951.4657001,0.41564009329954876,0.0
1748561951.4759011,0.4160785998858234,0.0
1748561951.4858813,0.41651710647209805,0.0
1748561951.4958062,0.4169556130583727,0.0
1748561951.508068,0.41739411964464734,0.0
1748561951.5154188,0.3802498041191391,0.0
1748561951.525904,0.3806465983612275,0.0
1748561951.5356367,0.3810433926033159,0.0
1748561951.545732,0.38144018684540426,0.0
1748561951.555707,0.38183698108749264,0.0
1748561951.5658443,0.382233775329581,0.0
1748561951.5759695,0.3826305695716694,0.0
1748561951.5857422,0.3830273638137578,0.0
1748561951.5963852,0.3834241580558462,0.0
1748561951.6066356,0.38382095229793456,0.0
1748561951.615853,0.38421774654002294,0.0
1748561951.626382,0.3846145407821113,0.0
1748561951.6357708,0.3850113350241997,0.0
1748561951.6456187,0.3854081292662881,0.0
1748561951.6556988,0.3858049235083765,0.0
1748561951.6655498,0.38620171775046486,0.0
1748561951.6756878,0.38659851199255324,0.0
1748561951.6858199,0.3869953062346416,0.0
1748561951.695862,0.38739210047673,0.0
1748561951.7077653,0.3877888947188184,0.0
1748561951.7161872,0.35333322704669357,0.0
1748561951.7259264,0.35369133931107466,0.0
1748561951.7359982,0.35404945157545586,0.0
1748561951.745573,0.35440756383983707,0.0
1748561951.7557986,0.3547656761042183,0.0
1748561951.7657378,0.3551237883685995,0.0
1748561951.7756948,0.3554819006329807,0.0
1748561951.785737,0.3558400128973619,0.0
1748561951.7956133,0.3561981251617431,0.0
1748561951.8059435,0.3565562374261243,0.0
1748561951.8159413,0.3569143496905055,0.0
1748561951.8257487,0.3572724619548867,0.0
1748561951.8356307,0.3576305742192679,0.0
1748561951.8459039,0.3579886864836491,0.0
1748561951.8560817,0.3583467987480303,0.0
1748561951.866,0.35870491101241153,0.0
1748561951.8758268,0.35906302327679274,0.0
1748561951.8856962,0.35942113554117394,0.0
1748561951.895811,0.35977924780555515,0.0
1748561951.9081,0.36013736006993635,0.0
1748561951.915598,0.3280269287245833,0.0
1748561951.9256604,0.3283490048695307,0.0
1748561951.935598,0.32867108101447823,0.0
1748561951.9457843,0.32899315715942573,0.0
1748561951.9556952,0.32931523330437323,0.0
1748561951.965812,0.32963730944932074,0.0
1748561951.975758,0.32995938559426824,0.0
1748561951.985872,0.33028146173921574,0.0
1748561951.9960275,0.33060353788416325,0.0
1748561952.0056496,0.33092561402911075,0.0
1748561952.0158858,0.33124769017405825,0.0
1748561952.0264187,0.33156976631900575,0.0
1748561952.0356293,0.33189184246395326,0.0
1748561952.0457637,0.33221391860890076,0.0
1748561952.0556145,0.33253599475384826,0.0
1748561952.0663545,0.33285807089879577,0.0
1748561952.0765371,0.33318014704374327,0.0
1748561952.0868793,0.33350222318869077,0.0
1748561952.0970514,0.3338242993336383,0.0
1748561952.1090865,0.3341463754785858,0.0
1748561952.1158664,0.304399854843679,0.0
1748561952.1263237,0.3046885585171727,0.0
1748561952.13631,0.30497726219066645,0.0
1748561952.14638,0.3052659658641602,0.0
1748561952.1563206,0.305554669537654,0.0
1748561952.1664028,0.30584337321114774,0.0
1748561952.1770196,0.3061320768846415,0.0
1748561952.1861734,0.30642078055813526,0.0
1748561952.1960406,0.306709484231629,0.0
1748561952.2058363,0.3069981879051228,0.0
1748561952.215813,0.30728689157861655,0.0
1748561952.2262871,0.3075755952521103,0.0
1748561952.2362952,0.3078642989256041,0.0
1748561952.2458522,0.30815300259909784,0.0
1748561952.255943,0.3084417062725916,0.0
1748561952.2659347,0.30873040994608536,0.0
1748561952.2766573,0.3090191136195791,0.0
1748561952.2858725,0.3093078172930729,0.0
1748561952.2959404,0.30959652096656665,0.0
1748561952.3082786,0.3098852246400604,0.0
1748561952.3160625,0.28226331711035924,0.0
1748561952.326301,0.2825210434129282,0.0
1748561952.3361244,0.28277876971549715,0.0
1748561952.346023,0.2830364960180661,0.0
1748561952.3561027,0.283294222320635,0.0
1748561952.3658445,0.28355194862320393,0.0
1748561952.3761008,0.28380967492577286,0.0
1748561952.3862357,0.2840674012283418,0.0
1748561952.3958368,0.2843251275309107,0.0
1748561952.40601,0.28458285383347964,0.0
1748561952.4161851,0.28484058013604857,0.0
1748561952.4258168,0.2850983064386175,0.0
1748561952.4359002,0.2853560327411864,0.0
1748561952.4455402,0.28561375904375536,0.0
1748561952.45619,0.2858714853463243,0.0
1748561952.466391,0.2861292116488932,0.0
1748561952.4762616,0.28638693795146214,0.0
1748561952.4858513,0.28664466425403107,0.0
1748561952.497046,0.2869023905566,0.0
1748561952.509627,0.2871601168591689,0.0
1748561952.5163016,0.2615685606260586,0.0
1748561952.526926,0.2617975973808633,0.0
1748561952.536192,0.26202663413566796,0.0
1748561952.5458672,0.26225567089047264,0.0
1748561952.5557988,0.2624847076452773,0.0
1748561952.5662603,0.262713744400082,0.0
1748561952.5758154,0.2629427811548867,0.0
1748561952.5858123,0.26317181790969135,0.0
1748561952.5958567,0.26340085466449603,0.0
1748561952.6058943,0.2636298914193007,0.0
1748561952.6157582,0.2638589281741054,0.0
1748561952.6263974,0.26408796492891007,0.0
1748561952.6362045,0.26431700168371475,0.0
1748561952.6460688,0.2645460384385194,0.0
1748561952.655924,0.2647750751933241,0.0
1748561952.666142,0.2650041119481288,0.0
1748561952.6759925,0.26523314870293346,0.0
1748561952.6860545,0.26546218545773814,0.0
1748561952.696165,0.2656912222125428,0.0
1748561952.708143,0.2659202589673475,0.0
1748561952.7156575,0.24221296338341605,0.0
1748561952.7256546,0.24241543373162944,0.0
1748561952.7356334,0.2426179040798428,0.0
1748561952.7456925,0.24282037442805615,0.0
1748561952.7557,0.2430228447762695,0.0
1748561952.766052,0.24322531512448287,0.0
1748561952.7756639,0.24342778547269622,0.0
1748561952.785857,0.24363025582090958,0.0
1748561952.7958825,0.24383272616912294,0.0
1748561952.8057606,0.2440351965173363,0.0
1748561952.8156583,0.24423766686554965,0.0
1748561952.825751,0.244440137213763,0.0
1748561952.8363109,0.24464260756197637,0.0
1748561952.8454833,0.24484507791018972,0.0
1748561952.8557618,0.24504754825840308,0.0
1748561952.8658228,0.24525001860661644,0.0
1748561952.875745,0.2454524889548298,0.0
1748561952.8857913,0.24565495930304315,0.0
1748561952.8961818,0.2458574296512565,0.0
1748561952.9082568,0.24605989999946987,0.0
1748561952.9158049,0.22410971956536274,0.0
1748561952.925865,0.22428760317574892,0.0
1748561952.9360445,0.2244654867861351,0.0
1748561952.946225,0.22464337039652127,0.0
1748561952.955963,0.22482125400690744,0.0
1748561952.9659877,0.22499913761729362,0.0
1748561952.976765,0.2251770212276798,0.0
1748561952.9856253,0.22535490483806597,0.0
1748561952.9963593,0.22553278844845215,0.0
1748561953.0058143,0.22571067205883832,0.0
1748561953.015909,0.2258885556692245,0.0
1748561953.0258489,0.22606643927961068,0.0
1748561953.0357594,0.22624432288999685,0.0
1748561953.0463247,0.22642220650038303,0.0
1748561953.0558422,0.2266000901107692,0.0
1748561953.0659776,0.22677797372115538,0.0
1748561953.0765448,0.22695585733154156,0.0
1748561953.0858204,0.22713374094192773,0.0
1748561953.0957515,0.2273116245523139,0.0
1748561953.108131,0.22748950816270008,0.0
1748561953.1158578,0.20719019577205794,0.0
1748561953.1259758,0.2073453521948736,0.0
1748561953.1357586,0.20750050861768926,0.0
1748561953.1460004,0.20765566504050492,0.0
1748561953.1559923,0.20781082146332058,0.0
1748561953.1655848,0.20796597788613624,0.0
1748561953.1759868,0.2081211343089519,0.0
1748561953.1868434,0.20827629073176757,0.0
1748561953.1961727,0.20843144715458323,0.0
1748561953.206137,0.2085866035773989,0.0
1748561953.21603,0.20874176000021455,0.0
1748561953.226331,0.2088969164230302,0.0
1748561953.2363846,0.20905207284584587,0.0
1748561953.2465925,0.20920722926866153,0.0
1748561953.255859,0.2093623856914772,0.0
1748561953.2657201,0.20951754211429285,0.0
1748561953.276782,0.20967269853710852,0.0
1748561953.2855237,0.20982785495992418,0.0
1748561953.2960875,0.20998301138273984,0.0
1748561953.3078501,0.2101381678055555,0.0
1748561953.3157766,0.19137245107816236,0.0
1748561953.3257122,0.1915066076417658,0.0
1748561953.3356376,0.19164076420536924,0.0
1748561953.345858,0.19177492076897268,0.0
1748561953.356068,0.19190907733257612,0.0
1748561953.3657768,0.19204323389617955,0.0
1748561953.3757198,0.192177390459783,0.0
1748561953.385668,0.19231154702338643,0.0
1748561953.3964272,0.19244570358698987,0.0
1748561953.4058375,0.1925798601505933,0.0
1748561953.4160411,0.19271401671419675,0.0
1748561953.4259682,0.19284817327780018,0.0
1748561953.435958,0.19298232984140362,0.0
1748561953.4455411,0.19311648640500706,0.0
1748561953.4558036,0.1932506429686105,0.0
1748561953.4660597,0.19338479953221394,0.0
1748561953.475569,0.19351895609581737,0.0
1748561953.485968,0.1936531126594208,0.0
1748561953.495914,0.19378726922302425,0.0
1748561953.50984,0.1939214257866277,0.0
1748561953.5155025,0.17659194621923097,0.0
1748561953.5262723,0.1767067202788044,0.0
1748561953.535937,0.1768214943383779,0.0
1748561953.545488,0.1769362683979514,0.0
1748561953.5561037,0.1770510424575249,0.0
1748561953.5658321,0.1771658165170984,0.0
1748561953.5757947,0.1772805905766719,0.0
1748561953.585558,0.1773953646362454,0.0
1748561953.5955653,0.1775101386958189,0.0
1748561953.6058218,0.17762491275539238,0.0
1748561953.6156263,0.17773968681496588,0.0
1748561953.6254735,0.17785446087453938,0.0
1748561953.6354983,0.17796923493411287,0.0
1748561953.6458395,0.17808400899368637,0.0
